Workbook

Sheet Sheet1
O2: gamma_clay | P2: 18 | R2: gwt | S2: 2
O3: gamma_sand | P3: 20 | R3: end of clay | S3: 3
O4: gamma_w | P4: 9.81
H6: Piezometer | J6: Piezometer
F7: Depth, z [m] | H7: A | J7: B | O7: tvStress | P7: u0 | Q7: veStress, pre | R7: veStress, post | S7: deltau | T7: uf | U7: confirm
F8: 0 | H8: | | J8: | | O8: =$P$2*F8 -> 0 | P8: =0 -> 0 | Q8: =O8-P8 -> 0 | R8: =Q8 -> 0 | S8: =P8 -> 0 | T8: =P8+S8 -> 0 | U8: =Q8-T8 -> 0 | V8: =U8=R8 -> TRUE
F9: 1 | H9: | | J9: | | M9: GWT = 2 m | O9: =$P$2*F9 -> 18 | P9: =0 -> 0 | Q9: =O9-P9 -> 18 | R9: =Q9 -> 18 | S9: =P9 -> 0 | T9: =P9+S9 -> 0 | U9: =O9-T9 -> 18 | V9: =U9=R9 -> 1
F10: 2 | H10: | | J10: | | K10: Clay | L10: γ = 18 kNm-3 | N10: start of gwt | O10: =$P$2*F10 -> 36 | P10: =0 -> 0 | Q10: =O10-P10 -> 36 | R10: =Q10 -> 36 | S10: =P10 -> 0 | T10: =P10+S10 -> 0 | U10: =O10-T10 -> 36 | V10: =U10=R10 -> 1
F11: 3 | H11: | | J11: | | M11: A = 4 m | N11: end of clay | O11: =$P$2*F11 -> 54 | P11: =$P$4*(F11-$S$2) -> 9.81 | Q11: =O11-P11 -> 44.19 | R11: =Q11 -> 44.19 | S11: 0 | T11: =P11+S11 -> 9.81 | U11: =O11-T11 -> 44.19 | V11: =U11=R11 -> 1
F12: 3 | J12: | | N12: A | O12: =$P$2*F12 -> 54 | P12: =$P$4*(F12-$S$2) -> 9.81 | Q12: =O12-P12 -> 44.19 | R12: 0 | S12: =Q12 -> 44.19 | T12: =P12+S12 -> 54 | U12: =O12-T12 -> 0 | V12: =U12=R12 -> TRUE
F13: 4 | J13: | | K13: Sand | O13: =$O$12+$P$3*(F13-$S$3) -> 74 | P13: =$P$4*(F13-$S$2) -> 19.62 | Q13: =O13-P13 -> 54.38 | R13: 0 | S13: =Q13 -> 54.38 | T13: =P13+S13 -> 74 | U13: =O13-T13 -> 0 | V13: =U13=R13 -> TRUE
F14: 5 | J14: | | K14: γ = 20 kNm-3 | O14: =$O$12+$P$3*(F14-$S$3) -> 94 | P14: =$P$4*(F14-$S$2) -> 29.43 | Q14: =O14-P14 -> 64.57 | R14: 0 | S14: =Q14 -> 64.57 | T14: =P14+S14 -> 94 | U14: =O14-T14 -> 0 | V14: =U14=R14 -> TRUE
F15: 6 | J15: | | K15: K0 = 0.5 | O15: =$O$12+$P$3*(F15-$S$3) -> 114 | P15: =$P$4*(F15-$S$2) -> 39.24 | Q15: =O15-P15 -> 74.76 | R15: 0 | S15: =Q15 -> 74.76 | T15: =P15+S15 -> 114 | U15: =O15-T15 -> 0 | V15: =U15=R15 -> TRUE
F16: 7 | J16: | | O16: =$O$12+$P$3*(F16-$S$3) -> 134 | P16: =$P$4*(F16-$S$2) -> 49.05 | Q16: =O16-P16 -> 84.95 | R16: 0 | S16: =Q16 -> 84.95 | T16: =P16+S16 -> 134 | U16: =O16-T16 -> 0 | V16: =U16=R16 -> TRUE
F17: 8 | J17: | | M17: B = 10 m | O17: =$O$12+$P$3*(F17-$S$3) -> 154 | P17: =$P$4*(F17-$S$2) -> 58.86 | Q17: =O17-P17 -> 95.14 | R17: 0 | S17: =Q17 -> 95.14 | T17: =P17+S17 -> 154 | U17: =O17-T17 -> 0 | V17: =U17=R17 -> TRUE
F18: 9 | N18: B | O18: =$O$12+$P$3*(F18-$S$3) -> 174 | P18: =$P$4*(F18-$S$2) -> 68.67 | Q18: =O18-P18 -> 105.33 | R18: 0 | S18: =Q18 -> 105.33 | T18: =P18+S18 -> 174 | U18: =O18-T18 -> 0 | V18: =U18=R18 -> TRUE
F19: 10 | N19: end of calcs | O19: =$O$12+$P$3*(F19-$S$3) -> 194 | P19: =$P$4*(F19-$S$2) -> 78.48 | Q19: =O19-P19 -> 115.52 | R19: 0 | S19: =Q19 -> 115.52 | T19: =P19+S19 -> 194 | U19: =O19-T19 -> 0 | V19: =U19=R19 -> TRUE
F20: 11 | O20: =$O$12+$P$3*(F20-$S$3) -> 214 | P20: =$P$4*(F20-$S$2) -> 88.29 | Q20: =O20-P20 -> 125.71 | R20: 0 | S20: =Q20 -> 125.71 | T20: =P20+S20 -> 214 | U20: =O20-T20 -> 0 | V20: =U20=R20 -> TRUE

Sheet Sheet2
A1: z | B1: tvStress | C1: u0 | D1: veStress, pre | E1: deltau | F1: uf | G1: veStress, post
A2: =Sheet1!F8 -> 0 | B2: =ROUND(Sheet1!O8,2) -> 0 | C2: =Sheet1!P8 -> 0 | D2: =ROUND(Sheet1!Q8,2) -> 0 | E2: =Sheet1!S8 -> 0 | F2: =Sheet1!T8 -> 0 | G2: =Sheet1!U8 -> 0
A3: =Sheet1!F9 -> 1 | B3: =ROUND(Sheet1!O9,2) -> 18 | C3: =Sheet1!P9 -> 0 | D3: =ROUND(Sheet1!Q9,2) -> 18 | E3: =Sheet1!S9 -> 0 | F3: =Sheet1!T9 -> 0 | G3: =Sheet1!U9 -> 18
A4: =Sheet1!F10 -> 2 | B4: =ROUND(Sheet1!O10,2) -> 36 | C4: =Sheet1!P10 -> 0 | D4: =ROUND(Sheet1!Q10,2) -> 36 | E4: =Sheet1!S10 -> 0 | F4: =Sheet1!T10 -> 0 | G4: =Sheet1!U10 -> 36
A5: =Sheet1!F11 -> 3 | B5: =ROUND(Sheet1!O11,2) -> 54 | C5: =Sheet1!P11 -> 9.81 | D5: =ROUND(Sheet1!Q11,2) -> 44.19 | E5: =Sheet1!S11 -> 0 | F5: =Sheet1!T11 -> 9.81 | G5: =Sheet1!U11 -> 44.19
A6: =Sheet1!F12 -> 3 | B6: =ROUND(Sheet1!O12,2) -> 54 | C6: =Sheet1!P12 -> 9.81 | D6: =ROUND(Sheet1!Q12,2) -> 44.19 | E6: =Sheet1!S12 -> 44.19 | F6: =Sheet1!T12 -> 54 | G6: =Sheet1!U12 -> 0
A7: =Sheet1!F13 -> 4 | B7: =ROUND(Sheet1!O13,2) -> 74 | C7: =Sheet1!P13 -> 19.62 | D7: =ROUND(Sheet1!Q13,2) -> 54.38 | E7: =Sheet1!S13 -> 54.38 | F7: =Sheet1!T13 -> 74 | G7: =Sheet1!U13 -> 0
A8: =Sheet1!F14 -> 5 | B8: =ROUND(Sheet1!O14,2) -> 94 | C8: =Sheet1!P14 -> 29.43 | D8: =ROUND(Sheet1!Q14,2) -> 64.57 | E8: =Sheet1!S14 -> 64.57 | F8: =Sheet1!T14 -> 94 | G8: =Sheet1!U14 -> 0
A9: =Sheet1!F15 -> 6 | B9: =ROUND(Sheet1!O15,2) -> 114 | C9: =Sheet1!P15 -> 39.24 | D9: =ROUND(Sheet1!Q15,2) -> 74.76 | E9: =Sheet1!S15 -> 74.76 | F9: =Sheet1!T15 -> 114 | G9: =Sheet1!U15 -> 0
A10: =Sheet1!F16 -> 7 | B10: =ROUND(Sheet1!O16,2) -> 134 | C10: =Sheet1!P16 -> 49.05 | D10: =ROUND(Sheet1!Q16,2) -> 84.95 | E10: =Sheet1!S16 -> 84.95 | F10: =Sheet1!T16 -> 134 | G10: =Sheet1!U16 -> 0
A11: =Sheet1!F17 -> 8 | B11: =ROUND(Sheet1!O17,2) -> 154 | C11: =Sheet1!P17 -> 58.86 | D11: =ROUND(Sheet1!Q17,2) -> 95.14 | E11: =Sheet1!S17 -> 95.14 | F11: =Sheet1!T17 -> 154 | G11: =Sheet1!U17 -> 0
A12: =Sheet1!F18 -> 9 | B12: =ROUND(Sheet1!O18,2) -> 174 | C12: =Sheet1!P18 -> 68.67 | D12: =ROUND(Sheet1!Q18,2) -> 105.33 | E12: =Sheet1!S18 -> 105.33 | F12: =Sheet1!T18 -> 174 | G12: =Sheet1!U18 -> 0
A13: =Sheet1!F19 -> 10 | B13: =ROUND(Sheet1!O19,2) -> 194 | C13: =Sheet1!P19 -> 78.48 | D13: =ROUND(Sheet1!Q19,2) -> 115.52 | E13: =Sheet1!S19 -> 115.52 | F13: =Sheet1!T19 -> 194 | G13: =Sheet1!U19 -> 0
A14: =Sheet1!F20 -> 11 | B14: =ROUND(Sheet1!O20,2) -> 214 | C14: =Sheet1!P20 -> 88.29 | D14: =ROUND(Sheet1!Q20,2) -> 125.71 | E14: =Sheet1!S20 -> 125.71 | F14: =Sheet1!T20 -> 214 | G14: =Sheet1!U20 -> 0
